drzava,st_dresa,priimek,pozicija,starost,datum_rojstva,visina_cm,tocke_skupaj,tocke_povprecje,tocke_napad,ucinkovitost_napad,napad_povprecje,tocke_blok,uspesnost_blok,blok_povprecje,tocke_servis,uspesnost_servis,servis_povprecje
Belgija,1,Bertels,Sprejemalka,20,21/02/2006,185cm,4,0.33,3,33.33%,0.25,0,0.00%,0.00,1,8.33%,0.08
Belgija,2,Van Sas,Podajalka,29,01/08/1997,188cm,23,1.92,8,25.81%,0.67,10,18.87%,0.83,5,4.63%,0.42
Belgija,4,Lemmens,Srednja blokerka,31,12/03/1995,192cm,67,5.58,41,40.20%,3.42,21,16.03%,1.75,5,3.21%,0.42
Belgija,5,Radovic,Sprejemalka,19,02/04/2007,184cm,66,8.25,58,31.52%,7.25,5,20.00%,0.62,3,4.92%,0.38
Belgija,7,Koulberg,Srednja blokerka,21,17/08/2004,188cm,18,1.50,13,28.26%,1.08,4,9.30%,0.33,1,2.27%,0.08
Belgija,8,Nagels,Podajalka,29,03/06/1997,182cm,9,0.75,1,25.00%,0.08,4,18.18%,0.33,4,5.19%,0.33
Belgija,9,Demeyer,Sprejemalka,25,21/03/2001,175cm,43,3.58,38,28.57%,3.17,1,3.03%,0.08,4,3.88%,0.33
Belgija,10,Martin,Korektorica,23,04/09/2002,189cm,233,19.42,214,39.78%,17.83,12,17.65%,1.00,7,4.55%,0.58
Belgija,16,Debouck,Libero,21,09/06/2005,162cm,1,0.08,1,100%,0.08,0,-,-,0,0.00%,0.00
Belgija,18,Rampelberg,Libero,26,05/06/2000,165cm,0,0.00,0,-,-,0,-,-,0,-,-
Belgija,20,Fransen,Srednja blokerka,24,22/01/2002,184cm,86,7.17,52,47.27%,4.33,30,21.13%,2.50,4,5.00%,0.33
Belgija,21,Deleu,Sprejemalka,18,13/12/2007,185cm,53,4.42,44,33.85%,3.67,3,16.67%,0.25,6,9.38%,0.50
Belgija,22,Verhelst,Korektorica,18,15/11/2007,186cm,3,0.38,2,28.57%,0.25,1,100%,0.12,0,-,-
Belgija,23,Luyten,Sprejemalka,20,04/05/2006,188cm,7,1.75,6,35.29%,1.50,0,0.00%,0.00,1,7.69%,0.25
Brazilija,2,Diana,Srednja blokerka,27,22/02/1999,194cm,108,7.20,57,52.29%,3.80,39,23.08%,2.60,12,5.22%,0.80
Brazilija,3,Macris,Podajalka,37,03/03/1989,178cm,9,0.60,5,41.67%,0.33,1,1.96%,0.07,3,3.57%,0.20
Brazilija,4,Lorena,Srednja blokerka,27,21/07/1999,190cm,14,0.93,10,47.62%,0.67,4,16.67%,0.27,0,0.00%,0.00
Brazilija,5,Natinha,Libero,29,10/04/1997,162cm,0,0.00,0,-,-,0,-,-,0,-,-
Brazilija,7,Rosamaria,Korektorica,32,09/04/1994,185cm,111,7.40,101,38.40%,6.73,9,13.24%,0.60,1,0.88%,0.07
Brazilija,9,Roberta,Podajalka,36,28/04/1990,185cm,19,1.27,6,40.00%,0.40,6,15.38%,0.40,7,5.47%,0.47
Brazilija,11,Luzia,Srednja blokerka,22,17/03/2004,199cm,51,3.40,24,46.15%,1.60,22,25.88%,1.47,5,7.94%,0.33
Brazilija,14,Ana Cristina,Sprejemalka,22,07/04/2004,192cm,256,17.07,218,41.05%,14.53,21,23.33%,1.40,17,9.09%,1.13
Brazilija,15,Helena,Sprejemalka,21,11/02/2005,199cm,48,3.20,46,35.94%,3.07,1,5.88%,0.07,1,2.44%,0.07
Brazilija,16,Kisy,Korektorica,26,28/01/2000,191cm,36,2.40,30,40.00%,2.00,4,28.57%,0.27,2,6.06%,0.13
Brazilija,17,Bergmann,Sprejemalka,25,21/02/2001,191cm,235,15.67,204,39.31%,13.60,19,24.36%,1.27,12,4.96%,0.80
Brazilija,20,Maiara,Sprejemalka,30,03/01/1996,188cm,2,0.29,2,28.57%,0.29,0,0.00%,0.00,0,0.00%,0.00
Brazilija,22,Marcelle,Libero,24,02/02/2002,163cm,0,0.00,0,-,-,0,-,-,0,-,-
Brazilija,26,Larissa,Srednja blokerka,25,02/03/2001,190cm,0,-,0,-,-,0,-,-,0,-,-
Bolgarija,3,Slavcheva,Podajalka,25,09/07/2001,183cm,27,2.25,10,40.00%,0.83,13,17.81%,1.08,4,3.15%,0.33
Bolgarija,6,Paskova,Sprejemalka,30,16/02/1996,181cm,83,6.92,72,30.90%,6.00,5,11.63%,0.42,6,5.17%,0.50
Bolgarija,8,D. Ivanova,Podajalka,18,01/12/2007,177cm,0,0.00,0,-,-,0,-,-,0,0.00%,0.00
Bolgarija,13,Pashkuleva,Libero,22,06/09/2003,168cm,0,0.00,0,-,-,0,-,-,0,-,-
Bolgarija,14,B. Saykova,Srednja blokerka,26,14/07/2000,187cm,97,8.08,58,40.85%,4.83,28,21.37%,2.33,11,9.17%,0.92
Bolgarija,15,Todorova,Libero,29,06/01/1997,170cm,0,0.00,0,-,-,0,0.00%,0.00,0,-,-
Bolgarija,18,Naneva,Srednja blokerka,16,10/09/2009,192cm,60,5.00,39,31.45%,3.25,16,19.28%,1.33,5,7.04%,0.42
Bolgarija,19,Milanova A.,Sprejemalka,25,04/07/2001,183cm,106,8.83,92,30.98%,7.67,5,10.42%,0.42,9,5.88%,0.75
Bolgarija,21,Krasteva,Sprejemalka,27,09/05/1999,183cm,17,2.12,16,38.10%,2.00,1,9.09%,0.12,0,0.00%,0.00
Bolgarija,23,Stoyanova,Korektorica,21,23/06/2005,194cm,130,10.83,111,31.44%,9.25,14,19.72%,1.17,5,6.25%,0.42
Bolgarija,28,Nikolova M.,Korektorica,23,17/05/2003,180cm,35,4.38,34,41.98%,4.25,0,0.00%,0.00,1,4.55%,0.12
Bolgarija,32,Veneva,Sprejemalka,17,08/03/2009,186cm,30,2.50,25,23.81%,2.08,3,21.43%,0.25,2,3.45%,0.17
Bolgarija,33,Nikolova,Srednja blokerka,19,28/10/2006,191cm,25,2.08,18,48.65%,1.50,5,16.13%,0.42,2,4.65%,0.17
Bolgarija,35,Ninova,Libero,18,09/11/2007,165cm,0,0.00,0,-,-,0,-,-,0,0.00%,0.00
Kanada,1,Georgiadis,Libero,24,07/01/2002,168cm,0,0.00,0,-,-,0,-,-,0,0.00%,0.00
Kanada,3,Van Ryk,Korektorica,27,06/01/1999,188cm,298,22.92,248,44.44%,19.08,22,15.60%,1.69,28,13.79%,2.15
Kanada,6,White,Srednja blokerka,32,14/12/1993,186cm,12,1.20,6,50.00%,0.60,5,12.20%,0.50,1,2.94%,0.10
Kanada,9,Gray,Sprejemalka,31,07/08/1994,185cm,180,13.85,163,42.89%,12.54,11,14.86%,0.85,6,3.73%,0.46
Kanada,10,Baker,Podajalka,29,14/07/1997,180cm,2,0.22,0,0.00%,0.00,2,50.00%,0.22,0,0.00%,0.00
Kanada,11,Mitrovic,Sprejemalka,27,03/06/1999,187cm,45,3.46,40,37.74%,3.08,4,18.18%,0.31,1,1.54%,0.08
Kanada,13,Fransen,Podajalka,28,24/01/1998,183cm,25,1.92,7,43.75%,0.54,11,15.07%,0.85,7,3.55%,0.54
Kanada,14,Johnson,Sprejemalka,28,16/06/1998,185cm,45,3.46,36,37.11%,2.77,6,26.09%,0.46,3,5.56%,0.23
Kanada,16,Guezen,Sprejemalka,20,28/09/2005,190cm,107,8.23,85,39.91%,6.54,14,25.45%,1.08,8,6.84%,0.62
Kanada,17,Jost,Libero,26,15/02/2000,173cm,0,0.00,0,-,-,0,-,-,0,0.00%,0.00
Kanada,18,Smrek,Korektorica,22,11/10/2003,205cm,34,2.83,28,46.67%,2.33,6,20.69%,0.50,0,0.00%,0.00
Kanada,19,Maglio,Srednja blokerka,29,13/11/1996,191cm,128,9.85,76,51.01%,5.85,42,19.44%,3.23,10,7.35%,0.77
Kanada,22,Andulajevic,Sprejemalka,22,14/07/2004,170cm,0,0.00,0,-,-,0,-,-,0,0.00%,0.00
Kanada,27,Thokbuom,Srednja blokerka,26,09/06/2000,188cm,117,9.00,78,50.98%,6.00,27,15.79%,2.08,12,5.77%,0.92
Kanada,37,Andrews,Srednja blokerka,22,03/09/2003,193cm,2,0.40,1,25.00%,0.20,1,50.00%,0.20,0,-,-
Kanada,26,Pelland,Podajalka,27,11/05/1999,179cm,1,0.25,0,0.00%,0.00,0,0.00%,0.00,1,11.11%,0.25
Kitajska,2,Zhuang Y.S.,Sprejemalka,23,28/04/2003,184cm,264,17.60,227,37.52%,15.13,28,20.44%,1.87,9,4.52%,0.60
Kitajska,3,Tang X.,Korektorica,22,21/05/2004,184cm,191,12.73,177,41.26%,11.80,10,12.66%,0.67,4,2.65%,0.27
Kitajska,5,Diao L.Y.,Podajalka,32,07/04/1994,183cm,5,0.83,2,28.57%,0.33,2,28.57%,0.33,1,4.35%,0.17
Kitajska,6,Gong X.Y.,Korektorica,29,21/04/1997,189cm,110,7.33,90,37.66%,6.00,14,17.72%,0.93,6,5.22%,0.40
Kitajska,7,Wang Y.Y.,Srednja blokerka,29,14/07/1997,196cm,104,7.43,68,52.71%,4.86,30,28.57%,2.14,6,3.70%,0.43
Kitajska,8,Chen H. Y.,Srednja blokerka,20,08/10/2005,197cm,16,1.14,9,33.33%,0.64,7,17.95%,0.50,0,0.00%,0.00
Kitajska,9,Wang A. Q.,Srednja blokerka,18,15/11/2007,196cm,92,6.13,78,50.00%,5.20,12,11.65%,0.80,2,2.11%,0.13
Kitajska,10,Yang S. M.,Korektorica,18,31/07/2008,192cm,15,1.15,12,32.43%,0.92,1,12.50%,0.08,2,5.88%,0.15
Kitajska,11,Li C. X.,Sprejemalka,19,07/12/2006,187cm,63,4.50,53,31.36%,3.79,6,18.18%,0.43,4,5.06%,0.29
Kitajska,13,Dong Y. H.,Sprejemalka,20,30/03/2006,189cm,60,4.00,53,31.93%,3.53,5,20.83%,0.33,2,2.94%,0.13
Kitajska,14,Xie S.Y.,Podajalka,22,28/05/2004,186cm,1,0.08,0,0.00%,0.00,1,6.67%,0.08,0,0.00%,0.00
Kitajska,16,Guo Z.N.,Srednja blokerka,17,03/06/2009,190cm,65,4.33,41,50.00%,2.73,20,22.73%,1.33,4,3.48%,0.27
Kitajska,17,Ni F.F.,Sprejemalka,25,14/02/2001,177cm,0,0.00,0,-,-,0,-,-,0,-,-
Kitajska,18,Wang M.J.,Libero,30,14/11/1995,173cm,0,0.00,0,-,-,0,-,-,0,-,-
Kitajska,4,Zhang Z.X.,Podajalka,17,15/08/2008,182cm,10,0.91,0,0.00%,0.00,5,8.06%,0.45,5,3.33%,0.45
Kitajska,22,Zhou Y.T.,Korektorica,24,04/05/2002,186cm,8,2.67,6,35.29%,2.00,2,20.00%,0.67,0,0.00%,0.00
Češka,1,Kneiflova,Srednja blokerka,24,22/06/2002,190cm,4,0.33,2,33.33%,0.17,2,25.00%,0.17,0,0.00%,0.00
Češka,4,Pavlova,Srednja blokerka,29,20/05/1997,182cm,0,0.00,0,-,-,0,-,-,0,0.00%,0.00
Češka,6,Grozer,Sprejemalka,38,25/07/1988,188cm,94,7.83,78,33.33%,6.50,11,17.19%,0.92,5,3.65%,0.42
Češka,8,Koulisiani,Srednja blokerka,23,01/10/2002,188cm,95,7.92,52,46.02%,4.33,37,23.87%,3.08,6,4.05%,0.50
Češka,9,Digrinova,Libero,25,19/10/2000,169cm,0,0.00,0,-,-,0,-,-,0,-,-
Češka,11,Dostalova,Libero,34,07/04/1992,170cm,0,0.00,0,-,-,0,-,-,0,-,-
Češka,15,Jehlarova,Srednja blokerka,26,16/01/2000,189cm,118,9.83,77,47.24%,6.42,39,23.08%,3.25,2,2.30%,0.17
Češka,16,Mlejnkova,Sprejemalka,30,26/07/1996,185cm,124,10.33,107,33.65%,8.92,12,16.00%,1.00,5,4.10%,0.42
Češka,17,Bukovska,Sprejemalka,23,28/04/2003,184cm,22,5.50,18,31.03%,4.50,3,20.00%,0.75,1,4.55%,0.25
Češka,18,Smidova,Podajalka,33,12/11/1992,180cm,18,2.25,10,66.67%,1.25,1,3.33%,0.12,7,7.07%,0.88
Češka,20,Grabovska,Podajalka,24,29/05/2002,180cm,9,0.75,3,37.50%,0.25,1,2.63%,0.08,5,4.90%,0.42
Češka,22,Orvosova,Korektorica,25,28/01/2001,191cm,43,3.58,38,34.23%,3.17,5,13.16%,0.42,0,0.00%,0.00
Češka,23,Indrova,Sprejemalka,26,30/07/2000,180cm,0,0.00,0,0.00%,0.00,0,0.00%,0.00,0,0.00%,0.00
Češka,25,Brancuska,Korektorica,21,19/11/2004,189cm,172,14.33,161,46.00%,13.42,9,11.39%,0.75,2,1.94%,0.17
Dominikanska republika,2,Y. Rodriguez,Sprejemalka,26,26/06/2000,171cm,0,0.00,0,0.00%,0.00,0,-,-,0,0.00%,0.00
Dominikanska republika,7,Marte,Podajalka,35,19/10/1990,178cm,4,0.33,2,14.29%,0.17,2,4.00%,0.17,0,0.00%,0.00
Dominikanska republika,8,Tapia,Korektorica,22,19/05/2004,193cm,49,4.08,39,32.50%,3.25,7,19.44%,0.58,3,6.38%,0.25
Dominikanska republika,10,Heredia,Sprejemalka,23,21/10/2002,181cm,87,7.25,78,38.61%,6.50,6,12.77%,0.50,3,3.09%,0.25
Dominikanska republika,11,Gonzalez,Srednja blokerka,24,18/04/2002,200cm,83,6.92,48,48.00%,4.00,31,23.85%,2.58,4,3.54%,0.33
Dominikanska republika,13,Matos,Sprejemalka,28,16/04/1998,188cm,15,1.25,12,23.53%,1.00,2,14.29%,0.17,1,2.44%,0.08
Dominikanska republika,16,Peña Isabel,Sprejemalka,33,10/05/1993,190cm,135,11.25,122,32.97%,10.17,8,14.81%,0.67,5,3.50%,0.42
Dominikanska republika,18,De la Rosa,Podajalka,25,02/07/2001,178cm,4,0.33,1,33.33%,0.08,3,27.27%,0.25,0,0.00%,0.00
Dominikanska republika,19,Terrero,Srednja blokerka,23,03/01/2003,188cm,14,1.17,8,22.86%,0.67,5,17.86%,0.42,1,6.25%,0.08
Dominikanska republika,20,B. Martinez,Sprejemalka,29,11/09/1996,201cm,85,7.08,73,38.62%,6.08,10,23.81%,0.83,2,3.23%,0.17
Dominikanska republika,21,J. Martinez,Srednja blokerka,28,03/12/1997,192cm,109,9.08,77,49.04%,6.42,30,16.85%,2.50,2,1.48%,0.17
Dominikanska republika,23,Gaila,Korektorica,29,25/06/1997,190cm,73,9.12,68,38.64%,8.50,4,10.81%,0.50,1,2.08%,0.12
Dominikanska republika,25,L. Martinez,Sprejemalka,29,18/10/1996,174cm,3,0.25,0,-,-,0,-,-,3,8.82%,0.25
Dominikanska republika,28,Alonzo,Korektorica,20,30/09/2005,190cm,56,4.67,44,29.14%,3.67,10,29.41%,0.83,2,4.44%,0.17
Francija,4,Ratahiry Li.,Sprejemalka,22,17/06/2004,178cm,137,11.42,113,34.98%,9.42,15,25.86%,1.25,9,7.56%,0.75
Francija,7,Ndiaye,Korektorica,24,13/01/2002,188cm,128,10.67,106,33.97%,8.83,8,10.39%,0.67,14,12.17%,1.17
Francija,9,Stojiljkovic,Podajalka,29,01/09/1996,180cm,1,0.12,0,0.00%,0.00,0,0.00%,0.00,1,2.86%,0.12
Francija,15,Sylves,Srednja blokerka,25,29/12/2000,194cm,66,5.50,36,42.86%,3.00,26,28.26%,2.17,4,5.19%,0.33
Francija,18,Mathi,Podajalka,18,08/11/2007,191cm,1,0.33,1,100%,0.33,0,-,-,0,0.00%,0.00
Francija,19,Depie,Korektorica,19,26/05/2007,182cm,71,6.45,61,34.86%,5.55,9,28.12%,0.82,1,2.27%,0.09
Francija,20,Brunier-Balandras,Srednja blokerka,20,26/10/2005,190cm,0,0.00,0,-,-,0,-,-,0,0.00%,0.00
Francija,21,Elouga,Srednja blokerka,26,14/10/1999,191cm,72,6.00,43,50.00%,3.58,20,17.70%,1.67,9,9.47%,0.75
Francija,35,Danard Selosse,Podajalka,23,31/12/2002,177cm,13,1.08,1,8.33%,0.08,4,7.41%,0.33,8,5.37%,0.67
Francija,68,Jaegy,Libero,24,25/10/2001,165cm,1,0.08,1,50.00%,0.08,0,-,-,0,0.00%,0.00
Francija,78,Massuel,Srednja blokerka,26,29/02/2000,184cm,1,0.10,0,0.00%,0.00,0,0.00%,0.00,1,14.29%,0.10
Francija,88,Rotar,Sprejemalka,25,24/10/2000,188cm,47,3.92,43,30.50%,3.58,3,11.11%,0.25,1,1.22%,0.08
Francija,91,Bah,Sprejemalka,22,21/12/2003,187cm,39,4.88,34,30.09%,4.25,3,17.65%,0.38,2,2.82%,0.25
Francija,99,Gelin,Libero,24,02/11/2001,162cm,0,0.00,0,-,-,0,-,-,0,-,-
Francija,10,Fanguedou,Srednja blokerka,23,27/06/2003,186cm,64,5.82,37,39.36%,3.36,23,23.71%,2.09,4,4.35%,0.36
Francija,1,Cazaute,Sprejemalka,28,17/12/1997,184cm,111,12.33,105,37.50%,11.67,4,8.00%,0.44,2,2.41%,0.22
Nemčija,1,Nestler,Libero,25,17/05/2001,169cm,0,0.00,0,-,-,0,-,-,0,0.00%,0.00
Nemčija,3,Cesar,Libero,29,26/04/1997,173cm,0,0.00,0,-,-,0,-,-,0,-,-
Nemčija,7,Tabacuks,Sprejemalka,19,10/02/2007,188cm,10,2.50,7,24.14%,1.75,2,66.67%,0.50,1,10.00%,0.25
Nemčija,8,Kohn,Podajalka,23,18/06/2003,184cm,2,0.17,0,-,-,0,0.00%,0.00,2,3.70%,0.17
Nemčija,9,Alsmeier,Sprejemalka,26,29/06/2000,189cm,128,10.67,115,34.53%,9.58,9,18.37%,0.75,4,3.03%,0.33
Nemčija,11,Timmer,Sprejemalka,25,30/05/2001,187cm,52,6.50,49,37.40%,6.12,1,6.25%,0.12,2,2.90%,0.25
Nemčija,13,Weske,Korektorica,25,26/03/2001,188cm,128,10.67,109,35.39%,9.08,14,16.47%,1.17,5,4.81%,0.42
Nemčija,16,Cekulaev,Srednja blokerka,23,01/07/2003,187cm,53,6.62,30,44.12%,3.75,18,20.22%,2.25,5,7.14%,0.62
Nemčija,18,Grozer,Sprejemalka,19,23/04/2007,183cm,105,13.12,92,42.20%,11.50,6,17.65%,0.75,7,10.61%,0.88
Nemčija,20,Kindermann,Korektorica,27,27/07/1999,190cm,52,6.50,40,37.74%,5.00,10,28.57%,1.25,2,7.14%,0.25
Nemčija,21,Weitzel,Srednja blokerka,26,11/06/2000,195cm,114,10.36,78,54.55%,7.09,25,19.84%,2.27,11,7.24%,1.00
Nemčija,22,Strubbe,Srednja blokerka,25,05/07/2001,189cm,64,5.33,47,58.75%,3.92,12,14.29%,1.00,5,5.56%,0.42
Nemčija,23,Straube,Podajalka,24,26/04/2002,185cm,11,0.92,6,42.86%,0.50,2,4.17%,0.17,3,1.95%,0.25
Nemčija,25,Pfeffer,Srednja blokerka,21,12/07/2005,194cm,7,0.70,4,33.33%,0.40,3,25.00%,0.30,0,0.00%,0.00
Italija,2,Meli,Srednja blokerka,25,09/04/2001,183cm,32,2.13,24,60.00%,1.60,7,20.59%,0.47,1,2.56%,0.07
Italija,3,Cambi,Podajalka,30,28/05/1996,178cm,17,1.13,10,47.62%,0.67,1,2.50%,0.07,6,4.88%,0.40
Italija,5,Spirito,Sprejemalka,32,20/02/1994,174cm,1,0.09,1,100%,0.09,0,-,-,0,-,-
Italija,7,Fersino,Libero,26,24/01/2000,169cm,0,0.00,0,-,-,0,-,-,0,-,-
Italija,8,Orro,Podajalka,28,18/07/1998,178cm,27,3.86,20,74.07%,2.86,4,9.52%,0.57,3,3.57%,0.43
Italija,11,Danesi,Srednja blokerka,30,20/04/1996,195cm,55,7.86,34,58.62%,4.86,16,20.51%,2.29,5,4.90%,0.71
Italija,14,Nwakalor L.,Srednja blokerka,23,17/09/2002,187cm,55,3.67,31,46.97%,2.07,19,24.05%,1.27,5,5.56%,0.33
Italija,16,Nervini,Sprejemalka,22,10/09/2003,184cm,130,8.67,117,34.82%,7.80,7,12.73%,0.47,6,4.03%,0.40
Italija,17,Sylla,Sprejemalka,31,08/01/1995,184cm,66,9.43,58,34.73%,8.29,6,22.22%,0.86,2,2.22%,0.29
Italija,18,Egonu,Korektorica,27,18/12/1998,193cm,31,4.43,27,36.00%,3.86,4,30.77%,0.57,0,0.00%,0.00
Italija,19,Fahr,Srednja blokerka,24,12/09/2001,192cm,136,12.36,102,60.71%,9.27,26,18.18%,2.36,8,5.88%,0.73
Italija,21,Omoruyi,Sprejemalka,23,25/08/2002,184cm,75,5.00,67,36.81%,4.47,6,18.75%,0.40,2,2.30%,0.13
Italija,22,Giovannini,Sprejemalka,24,17/12/2001,182cm,11,0.73,5,23.81%,0.33,0,0.00%,0.00,6,14.29%,0.40
Italija,24,Antropova,Sprejemalka,23,19/03/2003,202cm,259,17.27,198,41.95%,13.20,20,28.99%,1.33,41,17.08%,2.73
Japonska,1,Wada,Sprejemalka,24,08/01/2002,175cm,237,18.23,222,44.49%,17.08,6,6.32%,0.46,9,5.56%,0.69
Japonska,3,Shimamura,Srednja blokerka,34,04/03/1992,182cm,85,7.08,70,47.30%,5.83,13,10.66%,1.08,2,2.38%,0.17
Japonska,4,Ishikawa,Sprejemalka,26,14/05/2000,174cm,215,16.54,200,37.59%,15.38,6,8.96%,0.46,9,4.95%,0.69
Japonska,5,Sato,Sprejemalka,24,12/11/2001,178cm,193,14.85,167,34.01%,12.85,13,14.77%,1.00,13,7.74%,1.00
Japonska,6,Seki,Podajalka,27,12/06/1999,171cm,15,1.15,6,46.15%,0.46,1,1.75%,0.08,8,6.50%,0.62
Japonska,7,Sakae,Podajalka,35,03/04/1991,168cm,2,0.22,1,20.00%,0.11,0,0.00%,0.00,1,1.37%,0.11
Japonska,8,Kojima,Libero,31,07/11/1994,158cm,0,0.00,0,-,-,0,-,-,0,-,-
Japonska,9,Iwasawa,Libero,26,13/10/1999,163cm,0,0.00,0,-,-,0,-,-,0,0.00%,0.00
Japonska,11,Yamada,Srednja blokerka,26,24/02/2000,184cm,59,4.54,44,44.90%,3.38,8,9.52%,0.62,7,5.19%,0.54
Japonska,12,Fukudome,Libero,28,23/11/1997,162cm,0,0.00,0,-,-,0,-,-,0,-,-
Japonska,13,Yamaguchi,Srednja blokerka,27,13/03/1999,176cm,17,1.42,12,40.00%,1.00,5,11.11%,0.42,0,0.00%,0.00
Japonska,16,Shigihara,Sprejemalka,25,25/02/2001,175cm,4,0.36,3,50.00%,0.27,1,50.00%,0.09,0,0.00%,0.00
Japonska,22,Kitamado,Sprejemalka,22,06/07/2004,183cm,23,1.92,21,34.43%,1.75,0,0.00%,0.00,2,2.86%,0.17
Japonska,26,Akimoto,Sprejemalka,19,18/08/2006,185cm,19,2.11,17,42.50%,1.89,1,10.00%,0.11,1,20.00%,0.11
Japonska,23,Inoue,Srednja blokerka,20,22/01/2006,180cm,5,1.00,5,38.46%,1.00,0,0.00%,0.00,0,0.00%,0.00
Nizozemska,2,Ten Brinke,Srednja blokerka,22,19/04/2004,188cm,0,0.00,0,-,-,0,0.00%,0.00,0,0.00%,0.00
Nizozemska,3,H. Jasper,Libero,25,07/05/2001,175cm,0,0.00,0,-,-,0,-,-,0,-,-
Nizozemska,5,Knollema,Sprejemalka,23,05/01/2003,189cm,113,8.69,105,39.62%,8.08,5,11.11%,0.38,3,3.70%,0.23
Nizozemska,10,Van Aalen,Podajalka,26,21/01/2000,186cm,8,0.62,2,16.67%,0.15,4,12.12%,0.31,2,2.20%,0.15
Nizozemska,11,Jansen,Sprejemalka,25,18/01/2001,181cm,84,6.46,71,35.50%,5.46,7,14.00%,0.54,6,4.44%,0.46
Nizozemska,12,Bongaerts,Podajalka,29,03/11/1996,185cm,14,1.08,3,37.50%,0.23,6,28.57%,0.46,5,5.38%,0.38
Nizozemska,14,Van De Vosse,Korektorica,22,16/06/2004,187cm,57,4.38,53,40.46%,4.08,3,11.11%,0.23,1,2.78%,0.08
Nizozemska,16,Baijens,Srednja blokerka,25,04/02/2001,193cm,104,8.00,69,50.74%,5.31,29,19.86%,2.23,6,4.65%,0.46
Nizozemska,17,Vos,Sprejemalka,23,15/10/2002,184cm,8,0.62,5,17.24%,0.38,1,20.00%,0.08,2,20.00%,0.15
Nizozemska,18,M. Jasper,Sprejemalka,30,28/02/1996,180cm,11,2.20,8,33.33%,1.60,1,14.29%,0.20,2,5.88%,0.40
Nizozemska,20,Kok,Sprejemalka,22,17/07/2004,187cm,77,5.92,64,38.55%,4.92,11,27.50%,0.85,2,3.51%,0.15
Nizozemska,21,Stuut,Srednja blokerka,23,11/01/2003,198cm,84,6.46,53,41.09%,4.08,23,17.29%,1.77,8,5.84%,0.62
Nizozemska,25,Reesink,Libero,28,09/06/1998,174cm,0,0.00,0,-,-,0,-,-,0,-,-
Nizozemska,26,Dambrink,Korektorica,23,22/06/2003,189cm,137,10.54,122,41.36%,9.38,10,18.18%,0.77,5,4.85%,0.38
Nizozemska,8,Gerritsen,Srednja blokerka,20,07/10/2005,195cm,3,0.38,2,100%,0.25,0,0.00%,0.00,1,33.33%,0.12
Poljska,1,Szczurowska,Korektorica,25,29/07/2001,188cm,104,8.67,84,38.89%,7.00,7,16.67%,0.58,13,20.31%,1.08
Poljska,3,Stysiak,Korektorica,25,03/12/2000,203cm,155,19.38,137,41.52%,17.12,14,24.56%,1.75,4,5.56%,0.50
Poljska,6,Obiała,Srednja blokerka,30,28/08/1995,187cm,49,6.12,32,50.79%,4.00,12,16.67%,1.50,5,6.85%,0.62
Poljska,8,Piasecka,Sprejemalka,23,25/09/2002,189cm,141,11.75,127,38.14%,10.58,9,14.29%,0.75,5,3.36%,0.42
Poljska,12,Szczygłowska,Libero,28,22/03/1998,172cm,0,0.00,0,-,-,0,-,-,0,0.00%,0.00
Poljska,14,Lampkowska,Sprejemalka,26,06/11/1999,183cm,140,11.67,128,39.75%,10.67,9,16.36%,0.75,3,1.86%,0.25
Poljska,16,Stefanik,Srednja blokerka,23,08/10/2002,192cm,13,1.62,13,61.90%,1.62,0,0.00%,0.00,0,0.00%,0.00
Poljska,18,Łysiak,Libero,27,20/01/1999,172cm,0,0.00,0,-,-,0,-,-,0,-,-
Poljska,19,Orzoł,Sprejemalka,23,11/10/2002,182cm,0,0.00,0,0.00%,0.00,0,-,-,0,0.00%,0.00
Poljska,21,Grabka,Podajalka,28,09/05/1998,180cm,4,0.33,2,28.57%,0.17,0,0.00%,0.00,2,2.50%,0.17
Poljska,24,Damaske,Sprejemalka,25,01/06/2001,180cm,50,6.25,41,32.80%,5.12,7,26.92%,0.88,2,3.70%,0.25
Poljska,26,Wenerska,Podajalka,33,09/03/1993,177cm,14,1.17,2,22.22%,0.17,6,10.17%,0.50,6,3.82%,0.50
Poljska,32,Koput,Srednja blokerka,19,05/04/2007,190cm,94,7.83,55,52.88%,4.58,35,23.18%,2.92,4,2.74%,0.33
Poljska,95,Jurczyk,Srednja blokerka,30,28/10/1995,183cm,36,3.00,20,39.22%,1.67,13,16.67%,1.08,3,3.85%,0.25
Poljska,5,Rasińska,Korektorica,27,06/11/1998,190cm,-,-,-,-,-,-,-,-,-,-,-
Poljska,31,Kecher,Srednja blokerka,22,01/02/2004,192cm,6,0.75,6,60.00%,0.75,0,0.00%,0.00,0,0.00%,0.00
Poljska,22,Szlagowska,Sprejemalka,24,29/11/2001,188cm,-,-,-,-,-,-,-,-,-,-,-
Poljska,23,Makarowska-Kulej,Podajalka,26,23/01/2000,178cm,-,-,-,-,-,-,-,-,-,-,-
Srbija,1,Ivanović,Sprejemalka,21,22/10/2004,183cm,53,5.30,48,32.88%,4.80,3,10.71%,0.30,2,3.51%,0.20
Srbija,3,Osmajic,Srednja blokerka,23,12/02/2003,192cm,23,1.92,10,40.00%,0.83,12,27.91%,1.00,1,2.70%,0.08
Srbija,8,Mirković,Podajalka,30,07/10/1995,185cm,32,2.67,17,60.71%,1.42,6,8.70%,0.50,9,4.81%,0.75
Srbija,10,Ognjenović,Podajalka,42,06/08/1984,183cm,0,0.00,0,-,-,0,-,-,0,0.00%,0.00
Srbija,11,Kurtagić,Srednja blokerka,21,27/08/2004,195cm,99,8.25,60,50.00%,5.00,34,23.94%,2.83,5,3.94%,0.42
Srbija,13,Zubić,Sprejemalka,21,21/08/2004,186cm,145,12.08,126,40.78%,10.50,15,15.96%,1.25,4,3.15%,0.33
Srbija,15,Uzelac,Sprejemalka,22,27/07/2004,188cm,94,9.40,80,43.24%,8.00,7,18.92%,0.70,7,7.95%,0.70
Srbija,16,Jegdić,Libero,31,09/10/1994,167cm,0,0.00,0,-,-,0,-,-,0,-,-
Srbija,18,Bošković,Korektorica,29,08/03/1997,193cm,1,0.50,1,100%,0.50,0,-,-,0,-,-
Srbija,24,Milojevic,Srednja blokerka,27,13/02/1999,193cm,0,-,0,-,-,0,-,-,0,-,-
Srbija,25,Čajić,Sprejemalka,24,28/08/2001,181cm,109,10.90,95,39.42%,9.50,8,17.02%,0.80,6,6.90%,0.60
Srbija,27,Bukilić,Korektorica,27,13/06/1999,191cm,9,0.75,6,28.57%,0.50,3,21.43%,0.25,0,0.00%,0.00
Srbija,32,Gocanin,Libero,23,25/09/2002,179cm,0,0.00,0,-,-,0,-,-,0,-,-
Srbija,34,Tica,Sprejemalka,22,23/08/2003,179cm,107,8.92,90,32.85%,7.50,13,24.53%,1.08,4,3.01%,0.33
Srbija,28,Miljevic,Podajalka,28,09/07/1998,177cm,0,0.00,0,0.00%,0.00,0,0.00%,0.00,0,0.00%,0.00
Srbija,30,Antonović,Sprejemalka,17,16/04/2009,185cm,5,0.83,5,22.73%,0.83,0,0.00%,0.00,0,0.00%,0.00
Srbija,26,Kirov,Srednja blokerka,20,16/08/2005,189cm,47,4.27,30,44.12%,2.73,15,30.00%,1.36,2,4.17%,0.18
Tajska,2,P.Piyanut,Libero,36,10/11/1989,171cm,1,0.08,0,-,-,0,-,-,1,16.67%,0.08
Tajska,3,G.Pornpun,Podajalka,33,05/05/1993,173cm,14,1.17,10,45.45%,0.83,1,2.56%,0.08,3,2.68%,0.25
Tajska,4,K.Kanyarat,Srednja blokerka,23,14/10/2002,185cm,3,0.75,3,60.00%,0.75,0,0.00%,0.00,0,0.00%,0.00
Tajska,5,N.Thatdao,Srednja blokerka,32,03/02/1994,186cm,129,10.75,100,46.51%,8.33,23,14.02%,1.92,6,4.11%,0.50
Tajska,6,S.Warisara,Sprejemalka,20,31/10/2005,173cm,54,4.50,53,33.97%,4.42,1,6.25%,0.08,0,0.00%,0.00
Tajska,7,P.Papatchaya,Korektorica,20,24/01/2006,176cm,13,1.18,13,41.94%,1.18,0,0.00%,0.00,0,0.00%,0.00
Tajska,9,K.Kalyarat,Libero,21,08/06/2005,168cm,0,0.00,0,-,-,0,-,-,0,-,-
Tajska,11,J.Sasipaporn,Sprejemalka,29,10/06/1997,178cm,151,12.58,136,36.76%,11.33,8,15.38%,0.67,7,5.19%,0.58
Tajska,15,J.Natthanicha,Podajalka,28,21/05/1998,172cm,5,0.42,1,11.11%,0.08,0,0.00%,0.00,4,5.26%,0.33
Tajska,16,K.Pimpichaya,Korektorica,28,16/06/1998,180cm,192,16.00,174,39.37%,14.50,6,6.59%,0.50,12,7.64%,1.00
Tajska,18,K.Ajcharaporn,Sprejemalka,31,18/06/1995,180cm,78,6.50,70,32.71%,5.83,5,19.23%,0.42,3,3.53%,0.25
Tajska,28,A.Serah,Podajalka,17,04/12/2008,180cm,0,0.00,0,-,-,0,-,-,0,0.00%,0.00
Tajska,30,N.Jidapa,Sprejemalka,24,22/02/2002,172cm,0,0.00,0,-,-,0,-,-,0,-,-
Tajska,41,K.Kaewkalaya,Srednja blokerka,31,07/08/1994,179cm,55,4.58,43,41.35%,3.58,8,8.16%,0.67,4,3.81%,0.33
Tajska,20,P.Supawadee,Korektorica,19,20/07/2007,185cm,0,0.00,0,0.00%,0.00,0,-,-,0,-,-
Tajska,29,T.Wimonrat,Srednja blokerka,24,02/04/2002,180cm,10,1.25,5,22.73%,0.62,2,10.00%,0.25,3,8.33%,0.38
Tajska,10,M.Nannaphat,Korektorica,21,25/10/2004,176cm,4,0.57,4,19.05%,0.57,0,0.00%,0.00,0,0.00%,0.00
Tajska,22,S.Nirarach,Sprejemalka,19,23/11/2006,177cm,-,-,-,-,-,-,-,-,-,-,-
Turčija,1,Örge,Libero,33,26/04/1993,172cm,0,0.00,0,-,-,0,-,-,0,-,-
Turčija,3,Özbay,Podajalka,29,17/10/1996,179cm,4,0.36,1,50.00%,0.09,2,22.22%,0.18,1,5.88%,0.09
Turčija,4,Vargas,Korektorica,26,16/10/1999,194cm,293,26.64,260,53.28%,23.64,11,12.79%,1.00,22,11.70%,2.00
Turčija,6,S. Sahin,Sprejemalka,27,05/11/1998,183cm,46,3.29,38,32.48%,2.71,4,11.11%,0.29,4,3.31%,0.29
Turčija,7,Baladın,Sprejemalka,28,01/09/1997,187cm,84,7.64,75,41.67%,6.82,5,12.82%,0.45,4,3.60%,0.36
Turčija,8,Kisal,Srednja blokerka,32,08/11/1993,195cm,100,9.09,69,45.70%,6.27,23,17.97%,2.09,8,6.72%,0.73
Turčija,10,Yatgın,Libero,26,01/10/1999,170cm,0,0.00,0,-,-,0,-,-,0,-,-
Turčija,12,E. Şahin,Podajalka,25,19/01/2001,184cm,34,3.09,14,45.16%,1.27,16,20.78%,1.45,4,2.80%,0.36
Turčija,15,Uyanık,Srednja blokerka,25,25/06/2001,194cm,39,2.60,22,38.60%,1.47,13,18.84%,0.87,4,8.51%,0.27
Turčija,16,Ozden,Srednja blokerka,22,16/04/2004,187cm,34,2.27,24,48.98%,1.60,8,13.56%,0.53,2,2.63%,0.13
Turčija,18,Güneş,Srednja blokerka,27,07/07/1999,198cm,67,9.57,38,46.34%,5.43,23,21.50%,3.29,6,6.98%,0.86
Turčija,20,Erkek,Sprejemalka,24,02/09/2001,182cm,102,6.80,96,40.68%,6.40,4,9.09%,0.27,2,1.45%,0.13
Turčija,22,Aydın,Sprejemalka,26,05/01/2000,179cm,153,10.20,132,42.72%,8.80,14,14.58%,0.93,7,3.95%,0.47
Turčija,91,Basyolcu,Sprejemalka,19,09/08/2006,192cm,55,3.67,46,38.33%,3.07,8,18.18%,0.53,1,2.08%,0.07
Turčija,13,Özdemir,Podajalka,20,15/08/2005,189cm,14,3.50,7,53.85%,1.75,7,17.50%,1.75,0,0.00%,0.00
Turčija,77,Uysalcan,Sprejemalka,17,13/07/2009,196cm,12,1.71,12,46.15%,1.71,0,0.00%,0.00,0,0.00%,0.00
Turčija,21,Çürük,Korektorica,24,04/10/2001,182cm,0,-,0,-,-,0,-,-,0,-,-
Turčija,27,Balık,Srednja blokerka,16,20/10/2009,193cm,1,0.25,0,0.00%,0.00,1,20.00%,0.25,0,0.00%,0.00
Ukrajina,1,Milenko,Sprejemalka,27,29/06/1999,180cm,147,12.25,130,35.71%,10.83,10,16.13%,0.83,7,3.98%,0.58
Ukrajina,2,Meliushkyna,Srednja blokerka,30,06/08/1996,190cm,78,6.50,55,47.41%,4.58,20,16.39%,1.67,3,3.66%,0.25
Ukrajina,4,Lutsenko,Libero,23,11/06/2003,176cm,0,0.00,0,-,-,0,-,-,0,-,-
Ukrajina,7,Dorsman,Srednja blokerka,32,11/12/1993,184cm,90,7.50,68,51.13%,5.67,20,14.49%,1.67,2,2.04%,0.17
Ukrajina,9,Parfonova,Podajalka,27,20/08/1998,182cm,0,0.00,0,-,-,0,0.00%,0.00,0,0.00%,0.00
Ukrajina,10,Nudha,Sprejemalka,23,12/12/2002,178cm,72,6.00,59,34.30%,4.92,9,22.50%,0.75,4,4.94%,0.33
Ukrajina,11,Danchak,Korektorica,26,11/01/2000,192cm,74,6.17,64,34.04%,5.33,7,15.56%,0.58,3,4.29%,0.25
Ukrajina,13,Fedyk,Sprejemalka,24,05/03/2002,180cm,20,1.67,17,29.31%,1.42,0,0.00%,0.00,3,5.88%,0.25
Ukrajina,14,Sharhorodska,Podajalka,24,11/04/2002,182cm,53,4.42,22,50.00%,1.83,18,20.45%,1.50,13,8.28%,1.08
Ukrajina,19,Artyshuk,Korektorica,25,09/02/2001,190cm,108,9.00,97,32.77%,8.08,5,11.90%,0.42,6,5.83%,0.50
Ukrajina,21,Zharkova,Srednja blokerka,21,26/07/2005,192cm,0,0.00,0,-,-,0,0.00%,0.00,0,-,-
Ukrajina,22,Boiko,Libero,23,02/06/2003,174cm,0,0.00,0,-,-,0,-,-,0,-,-
Ukrajina,23,Dymar,Sprejemalka,31,03/12/1994,182cm,56,4.67,46,34.33%,3.83,7,26.92%,0.58,3,4.17%,0.25
Ukrajina,26,Kotar,Srednja blokerka,25,26/10/2000,190cm,54,4.50,33,39.76%,2.75,16,18.82%,1.33,5,5.43%,0.42
ZDA,2,Poulter,Podajalka,29,31/07/1997,188cm,13,1.86,4,36.36%,0.57,5,11.11%,0.71,4,3.70%,0.57
ZDA,3,A. Skinner,Sprejemalka,27,25/04/1999,186cm,129,10.75,111,45.49%,9.25,8,17.78%,0.67,10,7.14%,0.83
ZDA,6,Hentz,Libero,28,27/07/1998,175cm,1,0.08,0,-,-,0,-,-,1,20.00%,0.08
ZDA,7,O'Neal,Srednja blokerka,26,23/10/1999,190cm,81,6.23,53,50.96%,4.08,24,22.22%,1.85,4,4.17%,0.31
ZDA,8,Rodriguez,Libero,23,11/03/2003,165cm,0,0.00,0,-,-,0,-,-,0,0.00%,0.00
ZDA,10,Wank,Sprejemalka,29,07/10/1996,186cm,77,5.92,68,45.33%,5.23,4,11.11%,0.31,5,6.17%,0.38
ZDA,11,Ka'aha'aina-Torres,Podajalka,26,30/07/2000,183cm,8,0.62,4,80.00%,0.31,1,7.14%,0.08,3,3.19%,0.23
ZDA,12,Thompson,Korektorica,29,05/05/1997,193cm,160,12.31,137,49.28%,10.54,16,19.05%,1.23,7,6.31%,0.54
ZDA,16,Rettke,Srednja blokerka,27,21/01/1999,203cm,63,7.00,41,55.41%,4.56,21,21.88%,2.33,1,1.49%,0.11
ZDA,24,Ogbogu,Srednja blokerka,31,15/04/1995,188cm,31,3.44,18,43.90%,2.00,12,20.00%,1.33,1,2.00%,0.11
ZDA,27,Banks,Sprejemalka,25,08/01/2001,188cm,37,2.85,32,30.77%,2.46,4,23.53%,0.31,1,1.75%,0.08
ZDA,29,McCage,Srednja blokerka,32,02/02/1994,191cm,37,2.85,17,45.95%,1.31,15,27.78%,1.15,5,11.36%,0.38
ZDA,33,Eggleston,Sprejemalka,25,13/11/2000,185cm,119,9.15,98,41.00%,7.54,12,21.43%,0.92,9,6.12%,0.69
ZDA,34,Samedy,Korektorica,27,27/09/1998,188cm,81,6.23,75,48.70%,5.77,5,10.64%,0.38,1,4.00%,0.08
ZDA,1,Hancock,Podajalka,33,10/11/1992,180cm,8,1.33,4,36.36%,0.67,1,10.00%,0.17,3,5.88%,0.50
